bedrooms,bathrooms,car spaces,land size,price,date of sale,tavg,tmin,tmax,avg_tavg_7_days,avg_tmin_7_days,avg_tmax_7_days,avg_tavg_30_days,avg_tmin_30_days,avg_tmax_30_days
2,1,0,127,120000,2006-06-08,3.7,-1.4,13.1,4.6,1.5,12.8,6.8,1.7,14.2
1,1,0,26,130000,2018-03-08,17.3,9.3,25.6,15.9,10.2,24.6,16.2,11.9,24.3
2,2,0,307,157000,2012-06-23,7.8,-0.8,12.3,6.8,3.3,12.5,7.4,3.4,13.9
2,1,0,580,170000,2013-08-02,5.6,6.1,12.7,8.3,3.2,13.8,7.5,3.5,13.2
3,1,0,712,175000,2016-08-01,6.9,2.5,12.3,7.2,3.7,13.3,7.7,4.9,13.4
2,1,1,62,176000,2011-08-15,10.1,3.6,14.0,8.0,5.8,13.0,7.8,4.1,13.3
2,1,1,77,176000,2012-05-30,7.4,0.6,16.9,8.4,5.9,15.5,9.2,5.0,15.8
1,1,0,694,177000,2011-04-20,9.6,12.0,17.1,11.7,8.3,17.8,12.9,9.3,19.4
1,1,1,18,180000,2011-06-27,6.2,3.6,15.9,8.6,5.2,13.6,6.7,2.7,13.1
1,1,1,63,180000,2014-04-14,12.9,5.4,22.3,13.6,10.4,19.5,14.3,10.8,21.7
3,1,1,267,180000,2014-10-03,10.1,2.4,19.1,11.2,7.6,18.5,9.9,5.3,17.6
3,1,1,241,192000,2009-07-10,8.1,-0.4,12.1,5.5,-0.2,13.1,7.0,3.1,12.9
2,1,0,321,200000,2006-05-29,4.8,1.2,12.5,7.0,1.0,14.0,8.3,3.3,14.9
3,1,2,330,200000,2010-04-06,15.2,9.2,20.7,13.3,9.5,20.8,15.5,11.8,23.2
3,1,2,307,200000,2010-04-07,15.9,14.3,21.1,13.4,9.7,20.5,15.3,11.6,23.0
2,1,0,585,202500,2008-11-19,16.6,10.7,24.6,13.5,8.3,22.3,12.5,7.9,20.5
2,1,2,331,205000,2011-11-04,14.1,5.2,22.1,11.8,9.0,19.0,11.2,7.0,18.5
2,1,1,60,205000,2018-05-01,11.2,2.8,19.9,10.8,6.4,19.0,11.7,7.9,19.5
2,1,0,200,206000,2012-01-09,14.4,14.6,21.8,17.6,13.8,25.1,17.0,13.0,24.6
2,2,1,274,209000,2013-12-13,12.5,11.6,22.2,12.9,9.5,19.4,13.2,10.0,20.4
3,1,0,233,210000,2011-10-27,13.6,5.1,19.1,11.8,7.8,19.1,10.6,6.2,18.2
3,1,0,443,210000,2012-09-07,6.5,7.2,13.0,8.7,3.3,15.5,7.9,3.9,14.4
3,1,2,352,210000,2013-05-16,8.3,9.5,15.7,11.6,7.9,17.6,10.0,5.3,17.2
2,1,1,60,210000,2019-05-21,13.3,7.7,16.9,9.9,4.3,16.1,11.4,6.5,17.2
2,1,0,96,211500,2009-10-16,10.4,5.5,18.4,9.2,5.6,16.4,9.2,6.1,16.1
2,1,1,296,212500,2012-01-13,15.0,9.4,24.8,14.6,10.7,22.1,16.8,12.5,24.4
2,1,1,188,217500,2013-03-05,19.9,10.5,30.4,16.0,12.5,24.3,17.9,13.5,26.3
1,1,0,60,220000,2023-10-23,14.6,9.4,23.6,13.6,6.5,20.5,12.2,6.6,18.8
2,1,2,740,221000,2012-03-17,14.1,6.3,22.6,16.5,11.9,24.1,16.7,12.8,24.1
2,1,0,379,225000,2011-06-06,5.7,0.0,11.0,7.7,3.2,14.8,7.5,3.1,14.9
2,1,0,107,225000,2012-05-16,8.9,2.4,16.9,8.7,4.9,15.8,10.8,6.8,17.6
3,1,0,515,225000,2014-07-06,7.9,1.7,11.7,6.9,2.4,13.0,7.7,2.8,13.5
2,1,0,92,225000,2015-06-19,1.9,-1.9,10.7,5.9,2.7,11.6,6.3,2.5,12.9
2,1,1,308,225000,2018-01-09,15.1,10.3,20.9,17.6,12.0,25.6,17.3,12.7,24.6
1,1,1,465,227500,2007-12-14,17.6,9.8,23.8,13.8,10.0,21.7,16.1,11.7,23.4
3,2,1,324,230000,2009-10-23,12.6,6.6,22.0,11.5,6.2,18.7,9.7,5.9,16.9
1,1,1,101,230000,2011-12-21,14.9,12.7,24.9,16.1,12.4,23.5,14.6,10.9,22.2
3,2,1,253,230000,2015-05-31,3.9,9.5,13.2,8.5,3.3,14.1,8.8,4.8,15.4
4,2,2,450,230000,2016-12-07,13.4,10.0,19.3,15.0,10.8,22.4,13.6,10.2,20.9
2,1,1,204,232500,2015-11-28,15.4,8.0,22.6,13.1,9.8,20.6,13.8,10.3,21.3
2,1,1,75,235000,2007-02-01,17.3,8.4,24.7,14.5,9.3,22.8,17.7,12.9,25.2
2,1,2,323,235000,2011-04-11,10.9,12.6,14.9,13.3,7.5,21.3,14.0,9.4,21.2
2,1,1,223,235000,2012-08-22,10.8,9.4,14.8,7.6,3.5,13.4,6.6,2.2,13.4
2,1,0,288,235000,2014-07-02,9.7,-0.1,15.0,6.4,3.1,12.5,7.7,3.1,13.8
2,2,0,85,236000,2014-08-09,8.8,4.2,14.2,7.8,2.1,13.8,6.9,2.6,13.4
3,1,2,307,240000,2012-07-07,5.9,2.1,11.1,5.2,0.9,12.9,6.6,1.7,13.2
3,1,1,92,240000,2016-11-15,13.6,9.3,21.0,12.1,8.8,19.8,10.8,8.0,17.7
3,2,2,148,242000,2014-11-20,15.6,13.0,20.9,13.7,8.9,21.1,12.7,8.4,20.3
2,1,0,131,245000,2008-12-08,12.9,4.3,18.8,11.8,8.2,19.1,12.8,9.1,20.4
2,1,0,138,245000,2008-12-16,12.4,11.4,19.8,12.9,9.2,19.4,12.5,8.5,19.8
3,2,0,209,245000,2013-11-27,16.2,9.4,22.3,11.8,10.6,18.6,12.0,8.7,19.3
3,2,1,192,245000,2016-09-15,7.1,9.4,13.2,10.5,7.5,17.2,8.7,4.8,15.7
3,1,1,276,246000,2009-02-04,19.3,15.0,27.1,22.2,16.0,32.0,17.7,12.6,26.0
3,2,0,325,246500,2009-03-17,14.6,9.5,23.4,16.1,12.8,23.6,16.0,12.4,23.8
2,1,1,527,250000,2008-12-01,11.5,9.5,17.9,12.6,9.5,20.6,12.8,8.9,20.6
1,2,3,194,250000,2013-05-10,12.6,8.6,20.0,9.4,3.2,16.9,10.1,5.4,17.5
2,1,1,139,250000,2014-03-25,15.8,8.8,23.7,13.6,9.9,22.1,16.0,11.3,24.2
2,1,1,96,250000,2017-04-01,9.6,9.0,18.4,14.1,11.4,21.6,16.5,13.2,24.7
2,1,0,440,251000,2006-10-11,15.6,6.9,21.2,10.1,4.9,16.9,9.7,5.1,16.8
2,1,0,350,253000,2012-06-12,8.2,2.5,15.4,6.2,0.4,13.8,8.2,3.6,14.8
3,1,1,343,255000,2011-05-19,11.7,7.3,16.7,8.2,1.9,14.9,9.0,4.8,16.3
3,1,0,175,255999,2012-12-21,13.8,6.5,21.0,14.6,12.2,21.5,15.1,10.7,22.9
3,1,0,290,259000,2006-09-28,10.0,1.7,14.1,8.4,5.9,15.1,9.1,5.6,15.8
3,1,0,387,259000,2007-01-10,17.2,10.9,22.9,17.6,13.4,25.7,15.6,11.3,23.2
2,1,1,77,259000,2016-03-30,12.3,10.7,21.0,12.9,7.5,21.3,15.7,12.0,23.3
3,1,0,263,260000,2007-03-10,17.6,12.0,24.4,15.1,11.0,23.4,18.9,14.8,26.5
2,1,0,219,260000,2009-07-18,7.9,0.1,12.0,5.9,2.7,12.6,6.8,3.0,13.0
2,1,2,519,262500,2011-08-12,6.6,4.2,14.1,8.8,7.4,13.7,7.4,3.7,13.3
2,2,2,372,265000,2017-02-15,14.9,6.8,21.2,15.2,12.4,22.1,15.8,11.8,23.1
2,1,1,143,267000,2016-04-18,14.8,5.2,19.4,12.2,8.3,20.0,12.9,8.5,20.5
3,1,0,542,267500,2010-08-03,8.3,0.0,14.2,8.6,5.5,14.5,7.0,2.8,13.5
3,1,3,485,269000,2006-08-31,11.7,8.7,16.5,8.3,3.3,14.1,7.7,3.3,14.1
1,1,1,61,269000,2014-01-16,21.9,18.0,31.9,20.2,12.7,29.1,16.2,11.5,24.2
3,2,1,169,270000,2013-09-07,6.4,10.3,16.4,11.9,7.1,18.9,9.3,5.5,15.4
3,2,2,300,270000,2015-04-24,11.7,12.0,14.9,10.5,4.9,18.8,11.4,6.8,19.0
3,1,1,531,270250,2013-04-04,12.3,4.0,21.0,12.1,8.4,20.0,16.2,11.3,24.6
4,1,3,384,271000,2016-12-16,16.4,7.6,21.1,13.7,9.2,21.0,14.1,10.3,21.2
2,2,0,196,275000,2008-05-02,7.1,9.2,15.2,9.3,5.8,15.8,11.9,8.5,18.8
3,1,2,447,275000,2010-03-11,14.4,7.6,22.4,18.0,14.9,25.7,17.4,13.8,25.8
3,1,0,317,275000,2011-05-24,5.2,7.7,12.2,11.4,7.1,17.4,9.0,4.6,16.3
2,1,1,248,275000,2012-05-01,14.4,3.8,20.3,9.7,4.9,16.9,12.5,8.2,19.6
3,1,1,432,275000,2014-03-19,14.1,9.3,22.0,15.0,11.4,22.2,16.6,11.9,24.6
3,1,1,297,279600,2013-02-15,19.1,12.9,28.4,17.6,14.5,25.6,17.1,12.8,25.2
3,1,0,356,280000,2010-07-20,4.8,1.2,13.8,6.7,2.6,12.7,6.2,2.4,12.8
3,1,1,118,280000,2014-07-11,8.3,-0.2,14.2,8.0,5.0,13.8,7.7,3.3,13.5
3,2,0,522,280000,2015-01-30,14.2,12.8,19.7,14.5,11.7,22.7,16.9,12.7,24.6
4,2,3,4047,282500,2006-05-12,8.6,0.6,16.0,7.5,2.0,14.4,9.0,4.9,15.5
2,1,2,401,283000,2006-05-02,9.8,8.5,15.6,9.7,6.1,15.9,9.7,5.3,16.5
3,1,1,368,284000,2007-03-31,14.0,6.9,23.7,12.4,8.2,19.8,15.3,10.8,23.4
3,1,1,655,285000,2011-07-01,5.4,2.8,12.7,8.3,4.4,14.8,7.1,3.1,13.2
1,1,1,532,285000,2011-12-09,19.7,12.1,27.6,13.1,8.4,20.7,13.4,9.6,20.6
2,2,0,215,285000,2012-08-31,6.6,-0.5,14.4,7.6,6.1,13.4,7.3,3.5,13.8
3,1,1,1445,285000,2013-02-14,18.3,14.9,28.6,17.8,14.2,25.3,17.0,12.7,25.0
2,1,0,337,287000,2015-09-22,4.6,2.3,14.1,9.1,5.9,17.2,8.4,4.3,16.1
2,1,1,151,289000,2016-12-15,12.8,5.4,21.6,13.6,10.1,20.4,14.1,10.4,21.2
3,1,0,166,290000,2009-11-30,10.8,10.4,17.0,14.4,12.1,20.2,15.1,11.4,22.6
2,2,4,576,290000,2011-06-15,4.4,-1.3,8.2,4.4,2.0,11.8,7.1,3.2,14.3
3,1,6,337,290000,2011-11-23,12.4,4.8,21.4,12.5,8.7,18.8,12.6,8.9,19.5
3,1,1,274,290000,2015-02-27,14.0,14.4,22.5,18.8,16.0,26.8,17.5,14.1,25.4
3,2,0,367,290000,2016-02-11,18.4,14.3,25.7,20.0,16.3,27.1,18.9,15.1,26.5
3,1,0,199,290000,2016-03-10,16.3,15.1,21.7,18.4,14.5,26.1,17.4,13.5,24.8
3,1,1,230,290000,2016-04-08,14.0,8.8,20.0,12.5,8.6,19.5,14.1,10.3,21.6
3,1,1,350,291000,2010-10-05,10.5,10.2,19.1,9.1,3.4,16.8,8.9,5.2,15.8
3,1,1,371,292000,2007-12-13,15.9,11.4,24.2,14.0,10.2,21.2,16.0,11.8,23.3
2,1,0,214,292000,2012-06-19,4.2,2.0,12.1,8.8,4.9,14.6,8.2,3.9,14.5
3,1,1,366,292000,2015-11-27,11.4,5.6,19.0,13.3,10.9,20.7,13.8,10.3,21.4
2,1,2,90,292500,2016-06-10,7.7,6.4,13.7,11.1,7.8,16.0,9.0,5.5,15.3
3,2,1,971,295000,2010-08-25,5.0,3.9,11.5,7.6,4.6,13.5,7.6,4.0,13.7
3,1,1,571,295000,2013-02-13,19.2,16.5,26.6,18.0,13.9,25.8,16.9,12.4,24.9
2,1,1,118,295000,2016-02-08,21.3,18.6,29.9,20.1,16.3,28.0,19.0,14.8,26.7
3,1,2,151,295000,2017-08-24,5.7,-0.7,13.3,5.6,1.7,12.6,6.7,2.1,13.4
2,1,1,64,295000,2023-06-02,5.8,-0.2,12.8,10.7,6.7,15.4,9.2,3.7,15.4
1,1,1,120,299000,2017-07-07,5.0,1.8,9.9,4.8,-1.3,12.2,6.6,1.1,13.3
2,1,1,118,300000,2009-07-28,9.5,3.1,13.3,7.3,2.7,12.9,6.9,2.7,13.0
2,1,1,253,300000,2011-03-17,12.9,7.9,22.3,15.8,11.0,23.8,15.1,11.2,22.6
4,3,4,499,300000,2014-01-14,25.1,10.4,34.6,17.1,11.5,25.5,15.7,11.3,23.7
3,1,0,549,300000,2014-04-17,13.9,9.2,19.5,12.5,8.2,19.8,14.1,10.2,21.5
2,1,0,186,300000,2015-07-13,7.5,8.0,14.6,6.5,3.2,12.3,6.4,2.4,12.5
2,1,2,379,300000,2015-11-29,14.9,12.8,21.2,13.4,9.8,20.4,13.9,10.3,21.3
2,1,0,271,300000,2017-02-23,16.4,14.3,23.8,13.7,8.2,21.4,15.2,11.1,22.5
2,1,1,6444,300000,2019-07-08,7.7,2.4,14.4,8.1,3.5,13.5,7.5,2.3,13.6
3,1,1,153,302500,2019-11-22,14.7,6.4,22.3,14.2,7.9,21.4,13.5,7.9,19.6
3,1,1,412,304500,2017-06-05,7.4,5.4,14.5,6.8,0.9,14.9,8.8,4.4,15.9
3,2,1,558,305000,2014-11-13,16.2,7.6,22.3,13.3,8.1,21.5,11.8,7.5,19.5
3,1,2,1345,305000,2015-04-13,9.2,2.4,18.9,10.8,7.4,18.8,12.2,8.2,19.3
2,1,1,168,305000,2015-05-08,10.8,4.7,15.3,10.4,8.4,16.7,10.6,6.6,18.0
3,1,1,505,305000,2016-02-24,15.3,16.5,19.6,17.8,11.9,26.1,18.3,14.5,25.8
2,1,0,170,305000,2020-04-30,10.9,9.6,15.1,13.1,9.9,16.8,12.8,8.7,17.7
3,2,4,402,306000,2018-05-08,10.4,2.6,15.2,12.0,7.0,18.9,11.4,7.4,19.1
2,1,0,644,307000,2011-08-04,11.1,6.6,13.8,10.2,5.4,15.0,6.7,2.8,12.9
2,1,2,509,307500,2013-06-11,9.8,8.0,16.3,9.4,4.2,14.6,9.1,4.3,15.7
2,1,0,588,308000,2007-10-26,14.0,9.3,20.0,12.4,7.3,20.5,10.0,6.0,16.8
2,1,0,165,308000,2008-02-24,11.9,8.4,20.0,16.3,13.5,23.8,16.8,13.1,24.3
3,1,0,268,309000,2017-08-20,5.5,-2.0,13.0,6.5,1.8,13.3,6.7,2.0,13.4
2,1,0,263,310000,2011-06-03,8.9,7.7,15.2,5.9,0.1,14.5,7.4,2.6,15.0
3,1,0,465,310000,2013-11-01,13.0,7.6,21.9,11.1,5.8,19.2,10.8,7.7,17.6
3,1,1,352,310000,2015-09-28,10.4,9.2,16.5,8.9,3.8,17.1,9.0,4.4,16.7
3,2,0,174,310000,2016-02-23,21.6,14.2,30.9,16.6,10.9,24.5,18.2,14.5,25.8
2,1,1,148,310000,2017-11-11,15.1,11.3,24.6,12.0,5.2,20.4,12.3,7.5,20.7
3,2,0,355,310000,2019-08-08,4.6,-0.2,7.9,7.1,0.6,13.9,7.9,2.8,13.5
2,1,3,275,311000,2017-05-31,5.1,-1.5,13.4,8.0,4.6,14.9,9.1,5.0,16.0
2,1,1,142,313000,2017-01-18,13.5,11.3,22.4,15.9,12.8,22.7,17.7,13.7,24.7
3,2,0,227,315000,2011-10-02,7.0,2.3,17.3,9.6,5.7,17.5,9.2,5.2,16.6
2,1,1,457,315000,2014-10-30,12.6,9.2,18.3,12.3,9.4,19.4,11.1,7.4,18.6
1,1,1,76,315500,2018-06-13,7.9,7.0,13.4,8.5,2.7,15.2,7.8,2.4,15.3
4,1,1,422,317000,2016-02-05,20.2,16.2,27.2,19.3,16.3,26.6,18.9,14.4,26.7
4,3,2,266,318800,2011-05-05,5.1,0.4,13.9,10.0,6.7,17.6,11.3,7.9,18.3
3,1,1,188,320000,2008-04-22,12.4,9.3,19.1,12.3,8.6,20.6,12.7,9.2,19.7
3,2,2,248,320000,2015-03-07,15.7,7.9,22.9,14.3,10.2,21.2,17.3,13.6,25.1
3,2,2,455,320000,2016-11-23,9.0,11.8,15.9,15.2,11.3,22.3,12.4,9.0,19.5
2,1,0,200,320000,2018-09-07,10.4,5.8,16.2,9.3,3.3,15.0,8.5,3.1,13.8
4,2,4,516,320000,2019-04-24,12.6,6.4,17.6,14.0,7.9,20.9,13.4,6.9,20.1
3,1,1,540,320000,2019-11-15,13.5,11.2,18.3,11.9,7.3,17.7,12.8,7.2,18.7
3,1,1,350,322000,2011-02-23,15.1,8.8,24.4,15.2,12.6,22.9,16.0,12.3,23.4
3,1,0,195,324500,2016-06-08,11.4,9.4,15.8,9.5,4.5,15.2,9.1,5.5,15.4
4,2,2,587,325000,2006-05-03,4.5,8.3,10.2,10.1,7.0,15.8,9.7,5.6,16.5
3,1,1,429,325000,2009-06-02,10.1,2.8,16.1,7.7,4.3,14.3,9.4,5.3,16.6
3,1,0,490,325000,2010-01-28,17.6,12.0,25.1,17.4,12.3,25.4,17.7,12.6,25.7
3,1,1,402,325000,2014-05-16,14.3,13.0,19.1,11.4,5.3,17.3,9.6,4.3,16.7
4,2,1,385,325000,2016-03-16,14.8,9.5,22.4,16.9,15.6,24.3,17.1,13.6,24.4
2,1,0,66,325000,2019-10-18,10.2,6.1,13.8,11.2,5.8,17.9,11.2,5.3,18.2
3,1,0,601,325500,2016-09-07,12.7,4.3,18.7,9.7,6.1,16.9,8.0,4.2,14.7
3,1,2,517,326000,2013-08-06,5.7,3.9,13.4,6.6,2.7,12.7,7.5,2.8,13.2
2,1,1,1429,326000,2017-04-10,10.0,12.1,17.8,13.7,8.6,21.1,15.2,11.4,23.1
3,1,1,452,326000,2018-07-30,8.5,4.3,12.8,8.9,3.0,12.9,7.2,2.6,13.0
3,1,1,143,329000,2014-02-14,20.1,17.9,28.3,19.3,13.4,27.6,18.4,13.2,26.9
4,2,1,309,330000,2011-10-29,10.3,13.1,16.0,11.5,7.3,18.7,10.7,6.3,18.2
2,1,1,128,330000,2014-05-30,5.0,3.7,15.1,9.2,5.7,15.3,10.0,5.9,16.3
2,1,1,147,330000,2014-09-01,7.9,8.3,13.8,9.8,3.8,17.5,7.7,2.4,15.1
2,1,1,172,330000,2016-02-22,18.3,15.1,27.1,16.0,10.1,23.3,18.3,14.4,25.8
2,1,3,263,330000,2020-07-27,9.4,1.6,13.7,5.6,-0.3,13.1,6.3,1.0,12.9
3,1,1,402,331500,2018-08-17,8.8,3.5,12.7,9.7,5.7,13.6,9.0,4.1,13.4
3,1,2,500,332000,2009-02-06,17.8,13.3,25.6,20.0,16.2,29.8,17.9,12.7,26.3
4,1,2,236,335000,2008-06-11,11.2,8.2,15.4,8.5,4.8,14.8,8.9,5.3,15.4
2,1,1,179,335000,2009-09-25,9.2,5.9,15.6,9.3,6.4,15.5,9.0,6.3,14.8
2,1,0,139,335000,2012-08-17,8.8,5.1,13.3,7.1,0.6,14.4,6.5,1.9,13.2
2,1,0,139,337500,2009-04-06,9.7,2.5,16.7,13.9,11.5,21.2,15.2,11.5,22.6
2,1,1,716,337500,2015-02-19,19.7,16.6,27.1,18.0,14.5,25.2,17.0,13.1,24.9
3,1,1,441,340000,2010-12-10,11.8,13.0,16.4,16.9,15.1,23.2,15.0,12.0,22.0
3,1,1,639,340000,2011-01-19,17.6,12.6,25.6,17.5,15.4,23.0,16.1,12.0,23.5
3,2,2,495,340000,2011-10-26,10.8,3.6,18.2,12.7,8.0,19.8,10.5,6.1,18.2
3,2,1,529,340000,2014-12-05,14.5,13.2,23.2,15.7,12.6,23.0,14.0,9.9,21.7
2,1,1,152,340000,2018-02-27,17.5,7.8,24.4,15.5,10.6,24.0,16.7,13.2,24.9
2,1,3,616,340000,2019-09-04,9.5,5.9,16.4,8.6,4.0,15.2,8.2,2.6,14.1
3,1,1,139,345000,2012-02-21,17.0,14.1,23.8,17.9,14.5,25.2,17.5,13.7,25.2
2,2,1,3650,345000,2017-08-03,5.6,-1.5,12.2,5.9,-0.0,13.5,5.9,0.9,12.7
3,1,1,268,345000,2019-03-13,10.4,2.5,20.0,15.4,10.4,20.8,17.4,11.8,24.1
5,2,0,435,347500,2011-08-09,10.4,5.5,14.1,9.9,6.5,14.4,7.2,3.3,13.2
3,2,1,170,350000,2010-09-27,6.8,11.0,14.7,10.5,6.1,17.0,8.9,5.0,15.3
3,1,1,484,350000,2011-02-17,16.9,17.4,28.1,16.9,12.3,24.1,16.6,12.4,24.0
3,1,1,679,350000,2011-03-26,12.6,8.1,19.8,15.6,13.2,21.5,15.0,11.1,22.2
3,1,1,528,350000,2016-01-29,18.1,17.2,23.6,18.3,14.0,26.0,18.5,13.8,26.6
3,1,1,257,350000,2017-03-12,16.9,15.8,25.2,17.1,13.5,25.4,15.9,11.5,24.0
4,2,1,449,350000,2017-05-18,11.0,4.8,19.5,8.6,4.7,15.7,10.3,6.2,17.6
3,2,2,321,350000,2018-07-04,10.6,8.2,15.1,6.7,1.5,12.6,7.1,2.2,13.8
3,2,1,113,352000,2019-04-11,9.7,2.4,19.5,12.8,6.0,18.6,14.9,8.7,21.7
2,1,1,406,355000,2011-09-23,6.7,10.3,15.6,11.1,6.6,18.0,9.1,5.3,15.9
3,1,2,313,356000,2015-12-08,17.3,14.0,23.6,14.9,10.9,22.8,14.3,10.6,21.8
3,1,3,438,357500,2014-10-07,10.3,10.1,17.7,10.7,7.0,18.3,10.3,5.9,17.9
4,4,3,400,360000,2013-02-02,16.2,6.3,24.1,15.1,12.3,22.5,16.9,11.9,25.1
3,2,0,492,360000,2015-06-15,8.4,1.3,12.2,5.0,1.6,12.3,6.6,2.3,13.4
2,1,1,174,360000,2018-05-10,8.4,8.0,13.5,11.5,7.3,17.6,11.1,7.0,18.7
2,1,0,298,360000,2022-09-08,12.6,6.9,19.3,8.7,4.3,15.3,9.1,4.5,15.0
2,1,0,159,360900,2018-03-27,13.2,5.2,17.8,12.8,10.7,19.6,15.2,10.9,23.2
3,2,0,107,362000,2017-12-05,13.8,7.7,22.3,15.4,12.7,22.6,16.1,11.0,24.5
3,2,0,447,364000,2016-08-02,6.3,0.4,13.5,7.3,3.9,13.4,7.6,4.8,13.3
2,1,1,2961,365000,2010-09-16,8.3,6.6,13.7,8.7,6.3,14.7,7.8,4.2,14.1
4,2,3,866,365000,2011-01-13,20.6,18.1,23.7,19.3,16.0,26.4,15.2,11.0,22.7
4,2,2,966,365000,2012-03-05,16.8,12.8,25.8,15.2,12.7,22.7,16.9,13.3,24.5
4,2,2,629,367500,2015-07-14,3.0,-0.3,9.8,7.2,3.4,13.0,6.6,2.6,12.5
3,1,2,264,367500,2019-08-14,7.7,1.0,14.3,6.7,1.1,13.3,7.6,2.1,13.6
3,2,1,260,370000,2013-03-14,14.9,7.2,24.7,20.9,16.3,30.6,18.8,14.1,27.8
4,3,0,574,370000,2015-11-26,8.5,10.7,15.4,14.5,11.3,22.2,13.9,10.0,21.5
2,1,1,259,370000,2018-03-23,15.5,13.2,21.8,14.2,11.8,20.4,15.6,11.0,23.8
4,2,2,247,375000,2011-12-12,14.6,10.4,21.7,15.7,11.5,23.0,13.7,9.9,21.0
4,2,2,400,375000,2012-03-04,16.1,13.6,21.4,16.3,12.7,23.9,17.0,13.4,24.6
2,1,2,381,375000,2014-03-18,13.8,12.3,20.6,15.6,11.6,23.4,16.6,12.0,24.8
4,2,1,285,375000,2015-02-20,20.6,18.0,30.2,18.8,15.0,25.6,17.0,13.4,25.0
2,1,1,191,375000,2016-03-05,18.6,12.9,28.4,17.6,13.9,25.0,17.7,13.8,25.0
2,1,2,379,375500,2017-09-22,10.5,3.6,16.4,8.2,3.4,15.1,7.0,2.8,13.9
2,2,2,148,377700,2010-03-23,14.7,11.0,23.6,16.6,13.9,24.4,16.4,12.6,24.7
5,2,1,531,379500,2013-12-14,14.1,5.4,19.9,13.0,10.3,19.6,13.1,10.0,20.6
2,1,2,330,380000,2011-10-28,15.3,11.9,21.7,11.3,7.3,18.4,10.7,6.2,18.2
2,1,1,563,380000,2018-07-21,6.1,-1.4,13.8,7.0,2.9,12.3,6.5,2.1,13.2
2,1,0,136,380200,2021-02-03,17.1,12.0,23.6,17.5,12.3,23.6,18.1,12.2,24.6
3,2,1,300,385000,2016-07-12,5.7,9.0,12.6,8.2,5.5,13.4,8.0,4.7,13.4
3,1,2,317,385000,2018-02-06,18.6,16.4,26.6,16.4,12.8,25.0,18.5,13.5,27.0
2,1,1,72,385000,2018-04-17,7.8,5.5,17.9,11.9,9.3,18.9,13.0,10.0,19.9
2,2,2,154,386000,2018-03-07,16.3,8.9,25.6,15.8,10.8,24.7,16.3,12.1,24.4
4,1,2,254,387000,2013-08-29,12.8,3.5,17.8,9.2,6.0,15.7,7.7,4.2,13.7
3,1,1,648,387000,2017-10-31,10.7,2.8,20.4,12.8,10.1,20.7,12.3,8.0,20.3
3,1,1,517,387500,2020-09-11,12.0,6.3,16.8,11.1,5.9,17.0,9.6,5.0,15.2
3,2,1,524,390000,2007-09-23,10.6,-0.5,16.0,9.3,5.2,16.7,9.3,5.6,16.1
3,1,2,350,390000,2010-06-10,7.1,-0.2,11.9,6.9,3.2,13.5,7.6,3.7,14.7
3,2,1,568,390000,2014-08-25,9.1,2.9,17.2,7.4,2.9,15.7,7.4,3.1,14.3
4,2,2,821,390000,2015-02-14,17.4,12.9,21.3,17.7,13.5,26.7,16.2,12.2,24.5
4,1,1,193,390000,2017-08-28,4.6,-1.9,12.4,6.5,2.3,12.6,6.6,2.2,13.3
3,1,2,347,390000,2017-10-23,15.0,8.7,24.7,13.9,8.3,22.8,11.2,6.9,18.7
3,1,2,491,391200,2013-04-18,7.4,7.3,16.2,11.2,6.7,18.9,13.6,8.9,21.2
2,1,0,751,392000,2020-11-24,16.3,13.4,22.1,17.2,10.6,24.9,15.3,9.8,22.1
4,1,1,500,395000,2016-10-28,9.6,6.8,17.1,10.0,7.5,17.0,9.8,7.2,16.4
4,2,0,297,396000,2014-09-16,6.7,7.1,13.5,9.2,5.8,16.3,8.7,4.0,16.5
3,1,1,680,398000,2019-05-07,8.7,1.6,15.1,12.5,8.5,17.9,12.7,7.2,18.9
2,2,0,92,398000,2020-02-12,22.3,17.8,29.7,18.8,13.9,26.5,18.3,13.2,25.1
4,2,1,1004,400000,2012-07-05,3.9,-2.1,10.1,6.5,1.8,13.5,6.6,2.0,13.2
3,1,1,233,400000,2016-09-17,9.9,5.9,16.2,8.9,6.3,15.5,8.6,4.6,15.7
4,2,4,481,400000,2017-06-27,5.4,-2.1,10.4,6.0,1.9,12.8,7.2,2.1,14.1
4,2,0,1109,400000,2019-12-07,14.2,8.3,22.8,12.4,8.4,18.8,13.1,8.3,19.4
3,1,1,230,400000,2023-11-23,18.4,12.8,26.0,15.6,10.1,23.5,14.5,8.8,21.6
3,2,0,343,401000,2015-06-09,3.5,4.9,11.4,7.1,2.3,12.9,7.5,3.2,14.2
4,2,1,154,402000,2013-05-29,11.9,4.3,16.7,8.6,2.7,16.2,8.9,3.7,16.2
2,1,0,210,402500,2017-01-14,14.0,14.3,22.1,17.8,13.9,25.2,17.3,13.2,24.4
3,1,1,259,405000,2018-10-05,11.6,9.3,17.1,11.2,5.8,18.2,10.7,5.1,16.5
3,2,2,627,407000,2016-04-01,16.3,10.5,20.8,13.0,7.0,21.1,15.5,11.7,23.2
3,1,2,618,407000,2016-04-13,12.1,7.3,19.8,12.5,9.5,19.7,13.3,9.2,20.8
3,1,1,503,410000,2013-08-26,8.6,10.3,17.1,7.7,3.8,14.2,7.8,4.0,13.6
3,2,0,389,412000,2007-08-15,8.6,0.8,14.1,7.2,5.2,12.7,7.1,2.9,12.9
3,1,2,366,413000,2021-04-26,12.5,6.6,20.7,10.9,5.5,17.1,13.0,6.9,19.8
5,2,2,673,415000,2015-07-09,8.7,0.4,13.2,5.0,1.0,11.6,5.8,1.7,12.3
3,1,2,313,416000,2017-03-06,16.3,16.4,25.8,19.0,13.0,27.6,15.9,11.6,23.6
4,3,2,927,416000,2018-11-10,13.9,9.1,19.7,12.7,7.5,17.0,13.6,7.9,19.2
3,1,1,963,420000,2014-12-16,14.2,11.7,25.6,16.0,12.9,24.0,14.7,11.4,22.3
3,2,1,781,420000,2015-03-15,10.5,8.4,19.4,13.9,10.3,21.3,16.3,12.7,23.7
3,2,3,592,420000,2017-10-06,10.3,8.8,19.5,10.4,6.2,17.2,8.6,4.4,15.5
3,2,3,652,420000,2018-12-18,18.3,15.5,22.4,19.5,14.9,25.8,17.4,12.5,23.4
3,1,1,587,420000,2020-02-11,20.6,17.1,28.0,17.7,12.0,25.6,18.1,12.9,25.1
3,1,1,156,421000,2020-07-07,5.0,0.4,10.3,7.7,2.4,14.1,7.7,3.1,13.3
3,1,1,652,425000,2009-10-05,9.9,5.3,19.2,9.6,6.0,16.8,9.6,6.4,15.7
5,3,1,638,425000,2016-12-17,9.3,14.3,19.0,14.5,9.0,21.2,14.1,10.3,21.1
3,1,1,464,425000,2018-09-17,10.2,6.5,14.7,11.6,6.7,16.1,9.0,3.3,14.6
3,1,1,1429,425000,2019-02-27,17.4,12.2,23.4,17.2,10.7,25.7,18.0,12.7,24.6
2,1,0,155,425000,2023-05-17,4.8,-1.7,14.4,9.3,3.2,16.4,10.8,5.3,17.6
2,1,1,215,427000,2019-03-31,11.5,3.1,20.9,15.1,8.7,20.5,16.9,10.9,23.6
2,2,0,178,429000,2015-08-05,2.8,0.4,10.7,5.5,1.3,11.0,5.8,1.9,12.0
3,1,1,361,430000,2010-12-22,13.4,7.5,18.9,12.1,9.8,19.2,14.9,12.0,21.6
4,3,2,898,430000,2014-01-27,20.5,11.9,28.2,15.7,10.6,24.0,16.5,11.7,24.8
2,2,1,407,430000,2019-01-25,22.7,15.8,32.0,20.9,14.5,28.6,20.0,13.5,27.2
4,1,2,484,431000,2018-01-03,15.6,8.2,23.9,17.2,13.9,24.1,16.6,12.3,23.6
4,2,1,306,434000,2014-10-28,8.5,8.2,14.9,13.2,9.1,21.0,11.3,7.6,18.8
2,2,0,258,435000,2015-04-23,13.0,7.2,21.5,10.2,5.4,18.6,11.3,6.9,18.8
3,1,0,9483,438000,2016-03-31,16.6,7.0,21.5,12.6,7.5,21.3,15.6,11.9,23.3
2,1,1,192,440000,2007-06-20,4.6,-3.1,11.0,4.8,1.2,11.1,7.5,4.1,13.3
3,1,2,176,440000,2019-01-27,18.4,14.6,23.8,21.4,15.1,29.7,20.2,13.8,27.5
4,2,2,580,440000,2019-02-16,19.2,14.3,24.8,15.8,11.5,21.3,19.3,13.9,25.8
2,1,0,155,440000,2023-05-24,13.2,6.9,15.8,7.4,0.4,15.0,9.4,3.5,16.5
3,1,2,581,440100,2019-01-29,20.8,15.4,27.7,20.5,15.3,27.4,20.0,13.6,27.2
3,2,1,765,442500,2013-01-16,17.6,9.2,27.6,15.3,9.7,22.8,16.3,10.5,24.3
3,1,0,295,442500,2018-12-04,13.9,4.7,23.3,15.8,12.2,20.6,15.0,10.3,20.5
4,1,0,134,445000,2018-03-26,11.3,9.7,20.4,13.0,11.0,19.7,15.3,11.2,23.4
2,1,1,117,445000,2018-04-10,14.4,9.0,21.2,13.6,9.6,21.1,14.1,10.7,21.2
4,1,5,482,445000,2024-05-14,10.9,5.8,19.3,10.9,6.3,17.1,11.0,6.2,17.2
5,2,1,423,450000,2011-09-30,8.1,5.4,16.9,9.5,5.6,17.3,9.2,5.0,16.5
4,2,3,424,450000,2012-04-17,13.8,7.9,22.8,12.2,5.7,19.6,13.2,8.4,20.8
3,2,4,490,450000,2012-10-16,10.2,9.0,17.2,9.8,4.5,17.4,9.8,5.8,17.0
4,3,1,273,450000,2017-02-08,19.3,11.8,23.3,15.9,12.4,22.5,16.0,11.8,23.3
2,1,1,390,450000,2023-09-20,11.9,9.3,14.1,12.9,8.6,17.7,10.8,6.4,16.4
3,1,2,404,450750,2008-02-28,9.8,9.8,19.2,13.9,9.4,21.5,16.2,12.3,23.8
2,1,1,1429,452000,2018-12-13,19.7,15.4,25.4,19.8,13.9,27.0,16.7,11.7,22.9
4,2,2,451,454000,2019-05-09,10.4,7.0,14.5,11.6,7.5,16.7,12.4,7.0,18.9
4,2,0,955,455000,2016-05-05,14.4,10.0,17.9,12.4,10.8,17.3,12.8,8.7,19.7
4,3,0,290,455000,2018-05-09,9.4,7.7,14.9,11.8,7.0,18.2,11.2,7.0,18.9
4,1,1,390,455000,2020-04-08,12.4,7.9,18.5,13.0,9.2,18.0,14.2,9.1,20.5
3,1,1,500,455000,2022-03-03,21.2,13.6,27.8,19.9,14.6,26.6,18.7,12.8,25.8
5,4,0,541,455100,2007-09-24,9.5,7.2,13.8,9.3,4.9,16.7,9.3,5.4,16.1
3,2,2,363,459000,2007-07-13,5.7,0.1,13.2,6.6,3.8,12.2,5.8,1.8,11.8
3,1,0,155,460000,2012-06-18,8.9,1.7,13.4,8.7,4.6,15.0,8.1,4.1,14.6
3,2,1,467,460000,2014-10-04,12.1,8.1,17.6,11.1,7.4,18.3,9.9,5.3,17.7
3,2,1,194,462000,2017-03-07,15.0,14.1,25.5,18.8,14.1,27.6,15.9,11.7,23.7
3,2,1,1012,462000,2019-12-14,16.4,12.4,25.0,15.7,10.6,22.3,14.0,9.2,20.6
3,1,1,558,465000,2010-07-26,7.7,0.1,15.8,6.0,1.1,13.6,5.9,1.8,12.8
6,2,4,806,465000,2014-07-25,8.1,3.1,14.3,4.3,-0.2,13.2,6.6,2.2,13.1
3,1,3,496,465000,2021-10-16,13.1,10.1,18.7,11.7,8.2,17.0,11.2,6.9,16.9
4,1,2,570,466000,2017-07-31,3.9,-0.6,14.2,6.6,1.3,13.0,5.9,0.8,12.4
2,1,0,771,470000,2015-12-10,15.2,10.2,21.7,16.1,12.2,24.3,14.3,10.9,21.9
3,2,2,1367,470000,2016-02-21,18.5,10.2,25.6,15.3,10.5,23.0,18.2,14.5,25.7
2,1,1,100,470000,2022-07-05,4.7,-3.0,15.1,5.5,0.9,11.9,7.0,2.1,12.7
2,1,1,186,472000,2019-11-21,18.8,9.7,29.6,13.5,7.9,19.9,13.3,7.7,19.3
3,2,0,419,473600,2011-02-28,15.6,15.2,22.6,15.3,10.0,23.1,16.1,12.2,23.5
2,2,2,435,475000,2011-12-13,13.6,12.3,23.4,16.1,12.3,23.4,13.7,9.8,21.0
3,2,2,6458,475000,2014-05-23,7.6,7.6,17.3,12.4,9.8,17.6,10.1,5.3,16.5
5,2,1,313,475000,2018-03-29,15.2,12.1,20.3,13.7,10.5,19.8,15.2,10.9,23.0
4,2,1,747,475000,2019-09-06,8.3,4.7,12.7,8.8,3.7,16.2,8.3,2.8,14.3
3,2,0,333,480000,2010-11-17,13.8,8.7,17.2,13.2,10.8,20.6,12.1,8.9,19.6
3,2,2,310,480000,2011-10-11,7.4,3.6,16.3,10.1,6.7,16.9,9.6,5.6,17.0
2,1,1,157,480000,2020-12-22,16.3,13.7,18.5,16.5,11.9,22.7,15.9,10.8,22.1
2,1,1,172,480000,2021-07-12,7.7,0.6,13.2,4.3,-1.0,12.6,7.6,3.7,13.5
4,1,1,942,484500,2015-11-14,12.5,6.3,22.6,13.9,11.2,21.6,12.9,9.0,20.8
2,2,2,175,485000,2018-08-10,12.0,9.1,15.4,10.2,5.2,14.4,8.0,2.9,13.1
3,2,0,556,485000,2020-11-23,18.6,15.3,25.8,17.0,10.4,24.4,15.2,9.7,21.8
4,1,1,248,485000,2024-02-06,16.5,10.6,21.8,18.3,12.4,24.7,18.4,13.2,24.1
4,3,2,569,490000,2011-02-01,17.4,16.2,30.2,16.8,12.2,23.3,17.5,13.6,24.6
4,2,1,327,495000,2008-12-15,14.1,5.5,19.8,12.7,9.0,19.2,12.3,8.6,19.7
3,2,2,576,495000,2017-10-24,13.1,11.7,21.3,14.1,8.1,23.0,11.3,6.9,19.0
4,1,1,184,497000,2024-03-05,16.5,10.3,22.2,17.5,11.3,23.3,18.3,12.5,24.3
4,2,3,639,500000,2007-01-25,15.9,9.8,24.5,18.5,16.1,24.4,18.1,13.6,25.2
3,2,1,243,500000,2011-06-22,7.5,1.8,11.2,7.2,2.4,12.8,6.2,2.4,13.1
3,1,0,438,500000,2016-12-02,12.8,11.6,21.1,14.4,10.4,21.2,13.1,9.8,20.2
4,2,2,315,500000,2017-08-21,5.1,1.5,11.6,6.3,1.5,13.6,6.7,1.9,13.5
4,1,2,1210,503000,2017-04-08,14.7,11.7,21.2,12.7,6.7,21.2,15.5,11.5,23.5
4,2,1,230,505000,2016-03-17,19.3,11.5,24.3,16.3,14.6,23.6,17.1,13.6,24.5
3,2,1,260,507000,2021-03-10,15.3,7.8,22.2,15.2,8.3,21.9,16.9,10.7,23.3
4,1,0,316,510000,2016-11-18,13.0,14.1,21.0,13.4,10.2,20.6,11.4,8.0,18.4
3,1,2,414,510000,2019-02-06,19.3,12.1,22.3,19.9,13.9,26.9,20.2,14.2,27.3
3,1,2,394,510000,2021-03-24,17.2,16.2,18.6,17.0,11.3,24.2,16.1,9.9,22.8
3,1,0,177,510000,2023-12-18,16.5,13.4,21.5,18.1,11.9,24.6,17.2,12.1,23.7
3,2,2,247,515000,2015-10-20,14.9,8.1,21.4,12.3,6.9,21.2,11.3,6.5,19.5
4,1,2,970,521000,2020-06-03,7.2,4.3,13.0,10.7,7.3,15.0,9.8,5.5,15.4
3,2,0,370,525000,2017-11-18,17.7,17.9,25.4,16.5,10.7,25.5,13.1,8.3,21.6
4,2,0,458,535000,2013-12-12,13.3,10.6,18.1,12.5,8.9,19.8,13.1,9.9,20.3
4,3,2,526,535000,2020-02-07,20.6,13.9,30.2,17.4,11.9,25.0,18.1,13.1,25.1
3,2,1,187,535000,2021-03-15,17.6,9.2,25.4,16.6,10.8,22.9,16.9,10.6,23.4
4,3,2,1761,540000,2008-07-11,5.2,3.9,13.8,7.2,3.0,12.2,7.8,4.0,13.5
3,2,2,161,540000,2012-05-15,9.7,1.3,17.8,9.2,5.4,15.7,10.9,7.1,17.8
3,2,0,405,540000,2017-05-23,11.9,7.8,16.2,10.3,5.5,16.8,9.8,6.1,16.6
3,2,1,132,540000,2022-07-15,6.7,-0.1,14.0,6.8,1.6,12.4,7.1,2.3,13.0
3,2,1,576,545000,2017-07-17,8.7,3.1,11.2,5.3,-0.6,12.2,5.7,0.2,12.3
3,2,2,204,550000,2016-08-11,7.7,3.6,13.8,6.5,3.1,13.1,7.0,3.7,13.2
2,2,0,523,550000,2021-07-23,8.2,2.9,12.4,7.4,3.0,13.2,7.2,2.8,13.1
3,2,2,149,550000,2023-03-14,18.1,13.2,24.8,15.1,9.2,21.1,17.8,11.6,24.4
2,1,1,212,550000,2023-03-31,12.9,5.4,20.8,14.8,10.5,20.3,15.9,10.4,22.0
1,1,0,1224,551000,2012-12-20,13.3,11.5,21.7,15.2,12.4,21.8,15.1,10.5,22.8
2,1,1,172,552000,2022-08-26,8.7,2.7,16.1,8.2,3.7,13.6,8.3,3.6,14.0
4,2,2,597,555000,2010-11-12,18.8,10.8,27.8,12.7,9.5,19.6,11.4,8.2,18.8
3,3,2,142,555000,2018-10-19,15.7,13.3,18.5,15.5,10.6,21.2,11.9,5.9,18.3
3,2,3,488,555000,2018-12-05,16.8,7.6,23.9,15.5,10.9,21.0,15.1,10.1,20.7
3,2,2,312,555666,2016-06-22,7.9,8.0,14.5,8.6,4.7,13.2,7.9,4.4,13.9
4,2,1,469,557500,2016-04-19,13.2,10.0,23.1,12.5,7.6,19.9,13.0,8.4,20.5
3,2,2,622,557500,2017-08-04,8.9,2.4,13.3,5.6,0.1,13.5,5.8,0.9,12.7
3,1,0,500,560000,2007-06-12,6.2,-1.8,12.0,5.8,0.5,12.5,9.2,6.2,14.7
4,4,0,211,560000,2016-07-07,6.4,6.8,11.4,8.5,7.3,13.4,8.1,5.4,13.4
3,2,1,114,565000,2023-09-08,11.3,9.9,11.8,9.8,4.4,16.4,9.5,4.8,15.4
3,2,1,417,567000,2020-09-24,8.2,2.5,14.4,11.8,8.1,16.9,10.8,6.3,16.0
4,3,0,628,570000,2008-07-10,5.7,6.7,11.6,6.9,2.1,12.8,8.0,4.0,13.6
3,2,1,650,570000,2010-06-02,8.8,6.5,16.2,9.8,5.8,15.7,8.9,4.7,15.7
6,2,1,433,570000,2014-05-31,9.2,0.3,11.8,8.8,5.2,15.0,9.9,5.8,16.3
3,1,1,389,570000,2020-12-14,20.0,12.7,27.9,14.9,8.0,22.1,15.8,10.2,22.2
7,2,7,285,575000,2009-06-12,8.2,1.4,11.3,7.6,6.5,13.4,9.1,6.0,15.5
2,1,1,148,575000,2022-02-05,18.1,9.9,27.4,19.5,13.5,26.4,19.9,14.0,26.6
4,2,1,442,575000,2023-05-01,10.2,4.8,12.8,12.2,6.7,19.7,13.0,7.5,19.7
4,2,0,603,576000,2016-06-29,10.1,7.0,15.6,6.2,2.1,12.8,7.8,4.1,13.8
4,2,2,1062,576000,2018-04-12,11.9,12.4,20.9,13.8,10.1,21.0,14.0,10.5,20.9
4,2,1,447,590000,2007-06-02,7.4,2.6,11.1,10.0,8.4,15.6,10.9,8.4,16.4
3,2,2,604,590000,2009-07-17,3.3,-2.3,11.3,6.5,3.0,12.7,7.0,3.1,13.1
6,3,1,425,590000,2014-02-05,15.4,10.3,23.3,18.5,14.3,27.4,18.1,12.8,26.6
4,1,0,551,600000,2009-07-20,8.0,11.4,14.5,6.1,1.5,12.7,7.1,2.8,13.0
4,2,1,475,600000,2015-12-09,15.1,15.6,24.6,15.8,10.8,23.6,14.4,10.7,22.0
2,1,0,184,600000,2022-10-18,11.6,7.3,17.6,12.6,8.8,17.5,11.4,6.3,17.4
3,1,3,759,600000,2022-11-14,14.9,10.4,19.3,16.9,11.4,23.2,14.0,8.9,19.9
3,2,2,1063,610000,2018-09-28,10.4,8.7,16.4,9.8,2.6,16.0,9.9,4.0,15.5
3,2,2,517,610000,2018-11-21,17.8,15.5,22.1,15.6,10.0,22.4,13.8,7.8,20.0
3,1,2,390,611000,2024-03-23,14.6,7.5,23.6,16.0,10.2,22.4,17.8,11.9,24.1
4,3,4,484,615000,2018-05-29,7.1,8.3,15.0,8.5,3.0,16.8,9.7,4.8,16.8
4,2,3,493,617500,2015-05-19,11.4,3.1,17.1,8.4,3.4,15.7,9.8,5.7,16.9
3,2,2,247,620000,2018-04-27,9.7,3.4,19.9,11.6,8.0,19.7,12.3,8.7,19.7
4,2,4,574,621478,2020-11-14,14.3,8.9,19.9,15.6,9.0,22.7,13.8,9.0,19.8
2,1,1,182,622500,2022-10-19,13.2,5.8,20.4,12.5,8.8,17.3,11.4,6.3,17.5
4,2,2,596,625000,2007-09-25,10.1,4.3,18.1,9.2,4.8,15.9,9.3,5.5,16.0
3,1,1,213,625000,2019-01-26,21.0,15.7,28.0,21.0,14.2,29.3,20.1,13.7,27.4
3,1,1,585,625000,2022-01-19,18.8,14.4,26.3,20.0,14.4,26.6,18.7,13.0,25.4
3,2,2,877,627500,2023-07-05,7.8,4.2,10.7,6.1,0.1,12.7,8.1,3.7,13.6
4,1,2,469,630000,2018-05-18,8.0,5.0,17.3,8.4,4.7,15.3,10.3,6.0,17.7
3,2,2,453,630000,2020-12-09,16.1,11.8,21.7,13.5,8.5,19.6,16.0,10.6,22.4
2,2,1,174,630000,2024-02-17,19.1,12.1,26.8,18.0,12.3,24.7,17.9,12.6,23.7
6,1,1,350,635000,2008-07-26,4.9,-0.6,9.1,4.8,0.3,11.9,6.7,3.1,12.8
3,1,2,254,635000,2022-12-01,14.7,8.0,22.4,14.0,9.0,20.3,13.9,8.4,20.5
3,2,0,212,636000,2024-05-08,10.0,6.6,15.3,9.3,4.6,15.7,11.2,6.4,17.4
2,1,2,273,640000,2021-10-21,14.4,5.5,22.1,12.3,8.4,17.4,11.6,7.1,17.3
3,2,2,488,645000,2016-11-24,11.8,6.0,20.9,14.3,11.9,21.1,12.4,9.3,19.4
3,1,1,702,645000,2017-02-24,15.8,10.8,25.9,13.9,9.2,21.5,15.3,11.0,22.5
4,2,2,469,645000,2017-07-27,7.7,-2.4,12.1,6.2,1.4,12.7,5.5,0.6,12.2
3,1,4,374,645000,2020-02-24,17.7,13.7,24.2,15.6,8.7,22.2,18.0,12.8,24.9
4,2,2,287,650000,2011-04-14,12.6,9.6,18.8,12.7,9.5,18.4,13.5,9.4,20.2
3,2,1,503,650000,2015-05-16,8.0,4.7,15.5,9.3,5.0,16.0,10.1,6.2,17.3
3,1,3,558,650000,2021-10-22,16.0,13.0,18.6,12.5,7.5,18.0,11.8,7.3,17.5
3,1,2,267,650000,2022-06-08,5.9,-2.3,9.6,7.6,2.7,12.6,9.1,4.0,15.2
2,1,2,576,652500,2023-01-23,19.1,11.8,24.9,18.9,12.9,25.3,19.5,13.8,25.8
5,2,2,1056,655000,2007-07-23,8.2,1.4,13.3,4.8,-0.6,11.2,6.0,1.7,11.8
3,1,1,259,657500,2023-04-28,13.8,10.9,18.4,13.7,8.3,21.1,13.4,8.0,19.9
3,2,2,306,659000,2010-04-30,10.9,5.3,20.0,11.0,8.2,17.5,13.1,9.7,20.1
4,2,4,580,660000,2015-08-20,5.7,-0.7,11.2,5.7,1.0,13.0,6.1,1.9,12.5
4,3,2,646,665000,2018-01-24,20.2,13.1,27.2,20.3,14.2,28.5,17.9,12.7,25.9
3,1,0,143,665000,2022-07-30,3.8,-3.1,10.4,8.6,2.9,14.5,6.6,1.3,13.0
5,2,1,407,670000,2020-11-30,15.5,5.9,23.8,17.0,12.8,22.4,16.2,10.8,22.7
5,2,2,1233,673000,2021-03-11,18.2,12.6,25.4,15.5,8.8,22.2,16.9,10.5,23.3
3,3,1,670,675000,2012-07-18,5.1,7.2,12.0,8.9,5.2,13.1,6.7,2.2,12.5
4,2,5,1214,675000,2013-06-21,4.6,-1.2,12.2,6.5,5.3,11.9,8.8,4.8,14.9
3,2,1,490,675000,2016-12-20,14.6,14.2,21.4,13.5,8.9,20.6,13.9,9.9,20.9
3,2,1,156,675000,2021-11-02,15.0,6.2,24.9,12.5,6.6,18.3,12.4,7.9,17.7
5,3,2,662,676000,2015-08-07,4.1,-2.2,14.3,4.4,0.4,10.9,5.9,1.6,12.1
4,2,1,813,690000,2018-03-24,14.9,11.6,18.8,14.1,11.9,20.5,15.7,11.1,23.7
4,2,1,634,690000,2019-06-06,9.5,0.0,17.4,6.7,0.8,13.6,9.4,4.3,15.1
3,2,1,387,690000,2020-09-19,12.0,4.0,18.4,11.0,8.2,15.1,9.8,5.2,15.2
3,1,0,763,690000,2021-07-27,12.6,6.6,14.7,7.2,2.9,12.2,7.1,2.7,13.0
3,3,1,494,695000,2010-02-02,20.2,12.4,30.1,18.2,14.1,27.0,17.5,12.6,25.6
4,3,0,625,695000,2017-01-09,17.7,11.2,25.4,18.8,14.8,27.0,16.9,12.7,24.0
3,2,0,627,695000,2018-04-03,13.2,9.3,21.9,13.7,9.3,19.9,14.7,10.6,22.2
4,3,3,930,700000,2011-04-01,9.7,6.2,16.9,13.1,9.9,19.9,14.6,10.4,21.6
3,2,2,375,700000,2011-12-10,17.7,16.1,23.4,14.1,9.3,22.0,13.5,9.6,20.8
4,2,1,808,700000,2016-07-04,8.1,9.3,13.4,8.8,5.0,14.3,8.5,5.3,13.8
4,2,1,181,700000,2020-01-20,19.1,15.9,23.1,18.8,12.4,26.1,18.4,12.4,26.0
1,1,2,600,700000,2020-03-31,13.5,8.4,19.6,14.4,8.4,21.2,15.1,9.9,21.4
3,2,2,212,700000,2021-02-19,21.5,15.5,27.7,18.9,12.7,24.7,18.4,12.4,24.7
3,1,1,285,701000,2021-07-14,9.4,7.9,11.8,5.3,-0.8,12.3,7.4,3.2,13.2
4,3,2,887,715000,2015-12-19,25.7,13.7,32.1,17.4,10.4,26.3,15.1,11.0,23.0
3,2,0,251,720000,2021-03-09,16.2,10.0,23.7,14.8,8.1,21.3,17.0,10.8,23.3
3,2,2,844,725000,2017-03-09,16.9,14.8,24.9,17.2,14.0,26.1,15.9,11.5,23.8
4,2,1,238,725000,2019-01-24,19.3,13.3,27.0,21.2,14.9,28.7,20.0,13.6,27.2
3,1,2,453,735000,2022-10-26,16.1,12.9,22.6,14.5,9.3,19.3,12.2,7.1,17.8
4,2,1,587,740000,2017-02-09,16.4,18.7,21.6,16.6,13.0,23.0,16.1,11.8,23.2
4,2,2,652,750000,2018-07-03,10.0,1.5,13.1,6.3,1.2,12.7,6.9,2.2,13.8
4,2,2,197,760000,2018-09-29,8.0,-0.3,16.4,9.7,3.2,15.9,10.0,4.3,15.6
4,1,2,644,770000,2022-07-02,4.2,0.9,10.9,7.0,2.8,12.6,7.5,2.4,12.9
4,2,4,580,770000,2022-08-09,4.6,-0.7,13.6,8.9,5.0,14.0,7.5,2.4,13.3
6,6,4,1175,775000,2014-04-15,10.6,6.6,19.7,13.5,10.2,19.8,14.2,10.5,21.6
4,2,2,1061,775000,2016-01-18,20.8,15.7,28.4,17.5,12.5,26.0,18.1,13.1,26.6
4,2,0,1103,779000,2012-03-27,14.6,6.2,22.2,11.6,7.8,19.7,15.0,10.7,22.6
2,1,1,244,781000,2021-11-30,16.7,7.4,24.7,15.9,9.9,22.9,14.1,8.7,20.3
3,2,3,465,799000,2018-02-15,13.8,11.1,21.7,17.3,14.2,25.0,18.9,14.3,27.3
4,2,2,297,800000,2017-08-05,8.9,7.2,13.5,6.0,0.5,13.3,5.9,1.0,12.7
4,1,3,653,800000,2024-01-29,20.6,16.0,27.5,17.7,13.3,22.5,18.6,13.6,24.2
3,1,1,586,807000,2021-05-20,11.7,10.7,17.8,8.5,2.5,15.3,10.5,4.9,17.2
4,2,2,326,810000,2024-04-14,15.1,11.5,21.0,12.7,8.3,18.4,14.6,9.1,21.2
5,3,2,1086,820000,2015-01-22,21.4,19.4,29.4,15.9,10.4,23.7,16.8,12.6,24.4
2,1,1,243,820000,2021-12-24,16.6,9.2,23.8,16.7,11.8,23.6,16.3,10.8,23.3
3,2,2,871,825000,2013-08-05,9.4,0.2,13.8,6.8,3.8,12.9,7.3,3.0,13.2
4,2,2,372,825000,2018-10-24,10.5,1.9,18.3,15.0,11.2,19.0,12.6,7.1,18.9
5,4,2,1105,830000,2020-04-23,11.3,6.7,15.8,12.1,7.8,17.3,13.1,8.3,18.7
1,1,1,1107,840000,2009-04-17,11.5,10.6,18.7,12.2,8.5,19.4,14.0,10.3,21.2
3,2,0,881,840000,2010-08-06,4.3,0.6,12.0,7.8,5.3,13.8,7.2,3.1,13.7
5,2,1,685,840000,2019-05-17,10.6,6.3,16.9,10.7,5.2,16.3,12.0,7.0,17.9
1,1,1,796,850000,2021-02-05,20.7,16.7,25.2,18.1,12.7,24.2,18.2,12.1,24.7
4,2,5,844,850000,2021-02-17,18.9,11.3,25.3,18.2,11.9,24.1,18.2,12.2,24.5
3,3,2,500,852000,2020-11-05,13.4,9.0,20.2,15.7,11.1,21.9,12.9,8.5,18.4
2,1,1,374,857000,2022-04-07,12.6,4.1,23.6,15.0,11.2,20.5,16.4,10.9,23.0
4,3,2,407,860000,2011-04-04,11.9,6.5,19.9,12.1,8.0,19.0,14.6,10.1,21.7
3,2,2,149,860000,2021-09-14,7.9,0.8,15.2,10.4,6.5,16.0,10.0,5.5,15.1
3,2,1,283,885000,2024-02-23,18.8,14.2,22.2,19.9,13.9,26.2,18.6,12.9,24.8
3,2,2,12410,890000,2020-11-20,19.2,10.6,28.5,15.8,10.4,22.4,14.7,9.5,21.0
3,2,1,347,895000,2023-05-16,10.4,7.8,13.7,9.1,2.2,17.1,10.9,5.4,17.7
3,1,2,208,900000,2022-02-02,16.1,11.0,21.9,21.6,16.3,27.3,20.2,14.6,26.7
4,2,1,467,900000,2023-06-24,7.4,4.6,13.6,6.9,2.9,11.9,9.2,5.2,14.3
4,2,6,369,900000,2023-07-04,7.0,1.3,10.4,6.1,0.0,13.2,8.1,3.7,13.7
3,2,0,577,901500,2021-02-04,19.5,13.4,25.4,17.6,12.5,23.8,18.1,12.1,24.6
4,4,0,1649,905000,2013-06-28,6.8,3.8,14.9,5.1,-0.5,12.6,8.0,4.1,14.0
4,2,0,739,920000,2019-10-04,13.1,7.5,19.8,11.1,4.6,18.6,10.1,4.4,17.0
3,1,2,361,920000,2022-05-16,10.9,9.3,14.4,11.9,7.3,18.4,12.8,8.5,18.5
3,2,3,403,925000,2010-07-07,4.1,1.1,13.9,3.8,1.0,11.7,5.9,1.8,12.7
3,2,1,580,935000,2023-11-16,13.0,7.5,20.0,16.0,10.3,23.5,14.1,8.1,21.0
4,3,4,1290,940000,2016-05-31,3.4,-0.3,12.8,6.5,1.9,13.3,9.8,7.1,15.8
4,3,1,1069,950000,2011-11-24,15.0,7.2,22.8,12.6,8.4,19.0,12.8,8.6,19.8
4,3,3,633,950000,2017-11-03,6.8,6.5,15.5,12.1,8.3,20.1,12.3,8.0,20.5
4,3,4,1171,950000,2022-06-27,3.0,-2.1,11.4,9.5,5.7,14.0,7.8,2.7,13.0
2,2,3,544,955000,2021-06-05,6.3,-1.1,12.0,6.8,1.4,13.6,9.0,3.6,15.4
5,2,2,1056,975000,2017-04-07,16.2,7.6,23.6,12.2,6.7,20.5,15.5,11.6,23.5
5,3,2,1374,980000,2009-10-22,11.4,4.9,19.5,11.3,6.5,18.4,9.6,6.0,16.7
3,3,0,524,990000,2014-07-01,4.2,-0.3,7.9,6.8,3.5,13.2,7.9,3.2,14.1
2,4,0,449,1000000,2018-10-22,14.3,6.2,19.4,16.1,12.2,20.5,12.4,6.7,18.6
2,2,2,266,1000000,2021-07-19,7.3,2.6,13.6,9.0,4.9,13.3,7.2,3.0,13.0
5,2,2,432,1005000,2018-03-28,15.3,9.2,22.2,13.2,10.2,19.4,15.2,10.9,23.0
4,2,3,279,1050000,2020-04-06,10.1,3.6,18.3,14.2,11.1,18.4,14.5,9.6,20.6
5,2,3,556,1050100,2023-08-30,12.5,10.9,17.5,9.9,5.5,15.6,9.2,4.5,14.9
4,3,0,901,1075000,2017-12-01,15.3,17.4,22.1,19.4,14.5,27.4,15.7,10.2,24.4
4,2,2,818,1080000,2023-10-06,10.1,2.3,16.4,12.7,8.5,18.4,11.5,7.0,17.6
4,2,2,734,1100000,2017-11-24,19.6,11.7,28.1,18.2,12.0,27.5,14.1,8.9,22.8
5,3,3,790,1100000,2022-06-17,6.3,0.3,14.3,6.8,0.9,12.6,7.6,1.9,13.6
4,2,2,486,1130000,2022-06-25,10.1,5.3,14.4,9.1,4.7,14.0,8.0,2.6,13.2
4,2,2,697,1153000,2022-10-11,12.1,7.2,19.0,10.9,5.2,16.7,10.5,5.1,16.7
3,4,1,687,1165000,2023-09-18,11.2,8.6,16.7,12.2,7.3,17.6,10.7,6.2,16.4
4,3,0,666,1200000,2011-05-18,10.3,6.7,14.9,7.4,1.3,14.7,9.1,4.9,16.4
5,3,2,597,1200000,2013-07-17,9.2,9.3,16.0,8.6,3.7,13.2,6.8,3.1,13.0
4,3,0,737,1200000,2014-07-03,9.9,0.3,14.9,6.5,2.7,12.5,7.6,2.9,13.7
6,5,3,572,1200000,2020-10-29,13.6,9.0,19.7,12.4,8.3,17.8,12.2,7.8,17.4
3,2,2,275,1200000,2021-12-21,17.3,13.2,23.8,17.5,12.3,24.2,16.3,10.6,23.1
3,2,4,371,1225000,2022-02-22,15.5,9.7,24.4,17.7,12.8,24.1,19.3,13.3,26.4
4,2,4,733,1275000,2023-08-03,12.2,3.3,14.8,10.4,6.9,14.0,9.3,5.8,13.8
1,1,1,690,1300000,2022-11-02,9.7,2.3,16.6,13.3,9.7,18.4,12.7,8.1,17.9
6,3,0,1704,1340000,2012-02-23,16.8,15.8,25.6,17.4,14.8,24.5,17.4,13.8,25.1
3,2,2,1182,1350000,2019-02-07,20.8,16.1,26.4,19.6,13.6,25.6,20.2,14.1,27.1
3,3,4,784,1350000,2024-06-07,7.8,1.2,12.8,9.5,4.9,14.9,9.8,4.8,15.9
4,3,2,492,1400000,2016-12-06,13.9,11.3,23.1,15.0,11.0,22.0,13.6,9.9,20.8
3,2,2,13000,1400000,2017-04-05,13.9,9.0,22.5,11.5,7.9,20.1,15.6,12.0,23.7
5,4,2,1249,1405177,2020-08-31,8.7,4.9,14.0,9.0,3.6,15.1,8.2,3.6,13.8
5,2,4,731,1450000,2022-04-13,12.9,4.7,23.4,14.3,7.6,22.3,16.1,10.7,22.9
